iteration,epsilon,payoff,attacker_best_response,defender_best_response
1,2.52893,5.65289,8.18182,4.09091
2,2.49948,5.66467,8.16415,4.06627
3,2.47045,5.67610,8.14655,4.04192
4,2.44182,5.68721,8.12903,4.01786
5,2.41359,5.69800,8.11159,3.99408
6,2.38575,5.70846,8.09422,3.97059
7,2.35830,5.71862,8.07692,3.94737
8,2.33122,5.72848,8.05970,3.92442
9,2.30451,5.73804,8.04255,3.90173
10,2.27817,5.74731,8.02548,3.87931
11,2.25218,5.75630,8.00847,3.85714
12,2.22654,5.76500,7.99154,3.83523
13,2.20124,5.77344,7.97468,3.81356
14,2.17629,5.78161,7.95789,3.79213
15,2.15166,5.78952,7.94118,3.77095
16,2.12736,5.79717,7.92453,3.75000
17,2.10338,5.80457,7.90795,3.72928
18,2.10294,5.81173,7.89144,3.70879
19,2.13012,5.81865,7.87500,3.68852
20,2.15685,5.82533,7.85863,3.66848
21,2.18313,5.83178,7.84232,3.64865
22,2.20898,5.83801,7.82609,3.62903
23,2.23439,5.84401,7.80992,3.60963
24,2.25938,5.84980,7.79381,3.59043
25,2.28395,5.85538,7.77778,3.57143
26,2.30812,5.86075,7.76181,3.55263
27,2.33188,5.86591,7.74590,3.53403
28,2.35525,5.87088,7.73006,3.51562
29,2.37824,5.87565,7.71429,3.49741
30,2.40084,5.88023,7.69857,3.47938
31,2.42308,5.88462,7.68293,3.46154
32,2.44494,5.88882,7.66734,3.44388
33,2.46645,5.89285,7.65182,3.42640
34,2.48760,5.89669,7.63636,3.40909
35,2.50841,5.90037,7.62097,3.39196
36,2.52887,5.90387,7.60563,3.37500
37,2.54900,5.90721,7.59036,3.35821
38,2.56880,5.91039,7.57515,3.34158
39,2.58828,5.91340,7.56000,3.32512
40,2.60743,5.91626,7.54491,3.30882
41,2.62628,5.91896,7.52988,3.29268
42,2.64481,5.92151,7.51491,3.27670
43,2.66304,5.92391,7.50000,3.26087
44,2.68098,5.92617,7.48515,3.24519
45,2.69862,5.92829,7.47036,3.22967
46,2.71598,5.93026,7.45562,3.21429
47,2.73305,5.93210,7.44094,3.19905
48,2.74984,5.93380,7.42633,3.18396
49,2.76636,5.93538,7.41176,3.16901
50,2.78261,5.93682,7.39726,3.15421
51,2.79860,5.93814,7.38281,3.13953
52,2.81433,5.93933,7.36842,3.12500
53,2.82980,5.94040,7.35409,3.11060
54,2.84502,5.94135,7.33981,3.09633
55,2.85999,5.94218,7.32558,3.08219
56,2.87471,5.94290,7.31141,3.06818
57,2.88920,5.94350,7.29730,3.05430
58,2.90345,5.94399,7.28324,3.04054
59,2.91747,5.94438,7.26923,3.02691
60,2.93126,5.94465,7.25528,3.01339
61,2.94483,5.94483,7.24138,3.00000
62,2.95817,5.94490,7.22753,2.98673
63,2.97130,5.94487,7.21374,2.97357
64,2.98421,5.94474,7.20000,2.96053
65,2.99691,5.94451,7.18631,2.94760
66,3.00941,5.94419,7.17268,2.93478
67,3.02169,5.94377,7.15909,2.92208
68,3.03378,5.94326,7.14556,2.90948
69,3.04567,5.94267,7.13208,2.89700
70,3.05737,5.94198,7.11864,2.88462
71,3.06887,5.94121,7.10526,2.87234
72,3.08018,5.94035,7.09193,2.86017
73,3.09131,5.93941,7.07865,2.84810
74,3.10225,5.93839,7.06542,2.83613
75,3.11302,5.93729,7.05224,2.82427
76,3.12360,5.93610,7.03911,2.81250
77,3.13401,5.93484,7.02602,2.80083
78,3.14425,5.93351,7.01299,2.78926
79,3.15432,5.93210,7.00000,2.77778
80,3.16422,5.93062,6.98706,2.76639
81,3.17396,5.92906,6.97417,2.75510
82,3.18353,5.92744,6.96133,2.74390
83,3.19295,5.92574,6.94853,2.73279
84,3.20220,5.92398,6.93578,2.72177
85,3.21131,5.92215,6.92308,2.71084
86,3.22026,5.92026,6.91042,2.70000
87,3.22905,5.91830,6.89781,2.68924
88,3.23770,5.91628,6.88525,2.67857
89,3.24621,5.91419,6.87273,2.66798
90,3.25457,5.91205,6.86025,2.65748
91,3.26279,5.90985,6.84783,2.64706
92,3.27087,5.90759,6.83544,2.63672
93,3.27881,5.90527,6.82310,2.62646
94,3.28661,5.90289,6.81081,2.61628
95,3.29428,5.90046,6.79856,2.60618
96,3.30182,5.89798,6.78636,2.59615
97,3.30923,5.89544,6.77419,2.58621
98,3.31651,5.89285,6.76208,2.57634
99,3.32367,5.89021,6.75000,2.56654
100,3.33070,5.88752,6.73797,2.55682
101,3.33761,5.88478,6.72598,2.54717
102,3.34440,5.88199,6.71403,2.53759
103,3.35106,5.87915,6.70213,2.52809
104,3.35761,5.87627,6.69027,2.51866
105,3.36405,5.87334,6.67845,2.50929
106,3.37037,5.87037,6.66667,2.50000
107,3.37658,5.86735,6.65493,2.49077
108,3.38268,5.86429,6.64323,2.48162
109,3.38866,5.86119,6.63158,2.47253
110,3.39454,5.85805,6.61996,2.46350
111,3.40032,5.85486,6.60839,2.45455
112,3.40599,5.85164,6.59686,2.44565
113,3.41155,5.84838,6.58537,2.43682
114,3.41702,5.84507,6.57391,2.42806
115,3.42238,5.84173,6.56250,2.41935
116,3.42764,5.83836,6.55113,2.41071
117,3.43281,5.83494,6.53979,2.40214
118,3.43788,5.83150,6.52850,2.39362
119,3.44285,5.82801,6.51724,2.38516
120,3.44773,5.82450,6.50602,2.37676
121,3.45252,5.82094,6.49485,2.36842
122,3.45722,5.81736,6.48370,2.36014
123,3.46183,5.81374,6.47260,2.35192
124,3.46635,5.81010,6.46154,2.34375
125,3.47078,5.80642,6.45051,2.33564
126,3.47512,5.80271,6.43952,2.32759
127,3.47938,5.79897,6.42857,2.31959
128,3.48356,5.79520,6.41766,2.31164
129,3.48765,5.79140,6.40678,2.30375
130,3.49166,5.78758,6.39594,2.29592
131,3.49559,5.78373,6.38514,2.28814
132,3.49944,5.77985,6.37437,2.28041
133,3.50321,5.77594,6.36364,2.27273
134,3.50691,5.77201,6.35294,2.26510
135,3.51053,5.76805,6.34228,2.25753
136,3.51407,5.76407,6.33166,2.25000
137,3.51754,5.76006,6.32107,2.24252
138,3.52093,5.75603,6.31052,2.23510
139,3.52426,5.75198,6.30000,2.22772
140,3.52751,5.74790,6.28952,2.22039
141,3.53069,5.74380,6.27907,2.21311
142,3.53380,5.73968,6.26866,2.20588
143,3.53684,5.73554,6.25828,2.19870
144,3.53982,5.73138,6.24793,2.19156
145,3.54273,5.72719,6.23762,2.18447
146,3.54557,5.72299,6.22735,2.17742
147,3.54835,5.71877,6.21711,2.17042
148,3.55106,5.71452,6.20690,2.16346
149,3.55371,5.71026,6.19672,2.15655
150,3.55630,5.70598,6.18658,2.14968
151,3.55882,5.70168,6.17647,2.14286
152,3.56129,5.69736,6.16639,2.13608
153,3.56369,5.69303,6.15635,2.12934
154,3.56604,5.68868,6.14634,2.12264
155,3.56832,5.68431,6.13636,2.11599
156,3.57055,5.67993,6.12642,2.10938
157,3.57272,5.67553,6.11650,2.10280
158,3.57484,5.67111,6.10662,2.09627
159,3.57690,5.66668,6.09677,2.08978
160,3.57890,5.66224,6.08696,2.08333
161,3.58086,5.65778,6.07717,2.07692
162,3.58275,5.65331,6.06742,2.07055
163,3.58460,5.64882,6.05769,2.06422
164,3.58639,5.64432,6.04800,2.05793
165,3.58813,5.63980,6.03834,2.05167
166,3.58982,5.63528,6.02871,2.04545
167,3.59146,5.63074,6.01911,2.03927
168,3.59305,5.62619,6.00954,2.03313
169,3.59459,5.62162,6.00000,2.02703
170,3.56918,5.61709,6.00475,2.04790
171,3.54397,5.61263,6.00949,2.06866
172,3.51896,5.60824,6.01422,2.08929
173,3.49414,5.60393,6.01893,2.10979
174,3.46951,5.59968,6.02362,2.13018
175,3.44507,5.59551,6.02830,2.15044
176,3.42081,5.59140,6.03297,2.17059
177,3.39675,5.58737,6.03762,2.19062
178,3.37287,5.58340,6.04225,2.21053
179,3.34917,5.57949,6.04688,2.23032
180,3.32565,5.57565,6.05148,2.25000
181,3.30232,5.57188,6.05607,2.26957
182,3.27916,5.56817,6.06065,2.28902
183,3.25617,5.56453,6.06522,2.30836
184,3.23336,5.56095,6.06977,2.32759
185,3.22789,5.55740,6.06502,2.32951
186,3.22243,5.55386,6.06028,2.33143
187,3.21700,5.55033,6.05556,2.33333
188,3.21158,5.54681,6.05085,2.33523
189,3.20619,5.54330,6.04615,2.33711
190,3.20081,5.53980,6.04147,2.33898
191,3.19545,5.53630,6.03681,2.34085
192,3.19012,5.53281,6.03216,2.34270
193,3.18480,5.52933,6.02752,2.34454
194,3.17950,5.52586,6.02290,2.34637
195,3.17421,5.52240,6.01829,2.34819
196,3.16895,5.51895,6.01370,2.35000
197,3.16370,5.51550,6.00912,2.35180
198,3.15848,5.51207,6.00455,2.35359
199,3.15327,5.50864,6.00000,2.35537
200,3.14808,5.50522,5.99546,2.35714
201,3.14290,5.50181,5.99094,2.35890
202,3.13775,5.49841,5.98643,2.36066
203,3.13261,5.49501,5.98193,2.36240
204,3.12749,5.49162,5.97744,2.36413
205,3.12239,5.48824,5.97297,2.36585
206,3.11731,5.48487,5.96852,2.36757
207,3.11224,5.48151,5.96407,2.36927
208,3.10719,5.47816,5.95964,2.37097
209,3.10216,5.47481,5.95522,2.37265
210,3.09714,5.47147,5.95082,2.37433
211,3.09214,5.46814,5.94643,2.37600
212,3.08716,5.46482,5.94205,2.37766
213,3.08220,5.46151,5.93769,2.37931
214,3.07725,5.45820,5.93333,2.38095
215,3.07232,5.45490,5.92899,2.38259
216,3.06740,5.45161,5.92467,2.38421
217,3.06250,5.44833,5.92035,2.38583
218,3.05762,5.44506,5.91605,2.38743
219,3.05276,5.44179,5.91176,2.38903
220,3.04791,5.43853,5.90749,2.39062
221,3.04307,5.43528,5.90323,2.39221
222,3.03826,5.43204,5.89898,2.39378
223,3.03346,5.42880,5.89474,2.39535
224,3.02867,5.42558,5.89051,2.39691
225,3.02390,5.42236,5.88630,2.39846
226,3.01915,5.41915,5.88210,2.40000
227,3.01441,5.41594,5.87791,2.40153
228,3.00969,5.41275,5.87373,2.40306
229,3.00498,5.40956,5.86957,2.40458
230,3.00029,5.40638,5.86541,2.40609
231,2.99561,5.40320,5.86127,2.40759
232,2.99095,5.40004,5.85714,2.40909
233,2.98630,5.39688,5.85303,2.41058
234,2.98167,5.39373,5.84892,2.41206
235,2.97705,5.39059,5.84483,2.41353
236,2.97245,5.38745,5.84075,2.41500
237,2.96787,5.38433,5.83668,2.41646
238,2.96330,5.38121,5.83262,2.41791
239,2.95874,5.37809,5.82857,2.41935
240,2.95420,5.37499,5.82454,2.42079
241,2.94967,5.37189,5.82051,2.42222
242,2.94515,5.36880,5.81650,2.42365
243,2.94066,5.36572,5.81250,2.42506
244,2.93617,5.36264,5.80851,2.42647
245,2.93170,5.35957,5.80453,2.42787
246,2.92724,5.35651,5.80057,2.42927
247,2.92280,5.35346,5.79661,2.43066
248,2.91837,5.35041,5.79267,2.43204
249,2.91396,5.34737,5.78873,2.43341
250,2.90956,5.34434,5.78481,2.43478
251,2.90517,5.34132,5.78090,2.43614
252,2.90080,5.33830,5.77700,2.43750
253,2.89644,5.33529,5.77311,2.43885
254,2.89209,5.33228,5.76923,2.44019
255,2.88776,5.32929,5.76536,2.44153
256,2.88344,5.32630,5.76151,2.44286
257,2.87914,5.32332,5.75766,2.44418
258,2.87485,5.32034,5.75382,2.44550
259,2.87057,5.31738,5.75833,2.44681
260,2.85456,5.31446,5.76560,2.45991
261,2.83864,5.31159,5.76870,2.47294
262,2.82283,5.30875,5.77178,2.48592
263,2.80712,5.30595,5.77486,2.49883
264,2.79151,5.30319,5.77793,2.51168
265,2.77599,5.30047,5.78099,2.52448
266,2.76057,5.29778,5.78404,2.53721
267,2.74525,5.29514,5.78709,2.54988
268,2.73002,5.29252,5.79012,2.56250
269,2.71489,5.28995,5.79315,2.57506
270,2.69985,5.28741,5.79617,2.58756
271,2.68491,5.28491,5.79918,2.60000
272,2.67005,5.28244,5.80218,2.61239
273,2.65529,5.28001,5.80518,2.62471
274,2.64062,5.27761,5.80816,2.63699
275,2.62604,5.27524,5.81114,2.64920
276,2.61155,5.27291,5.81411,2.66136
277,2.59715,5.27062,5.81707,2.67347
278,2.58283,5.26835,5.82003,2.68552
279,2.56860,5.26612,5.82297,2.69752
280,2.55446,5.26392,5.82591,2.70946
281,2.54041,5.26176,5.82884,2.72135
282,2.52644,5.25962,5.83176,2.73318
283,2.51256,5.25752,5.83468,2.74497
284,2.49876,5.25545,5.83758,2.75670
285,2.48504,5.25341,5.84048,2.76837
286,2.47141,5.25141,5.84337,2.78000
287,2.45785,5.24943,5.84626,2.79157
288,2.44438,5.24748,5.84913,2.80310
289,2.43099,5.24556,5.85200,2.81457
290,2.41768,5.24368,5.85486,2.82599
291,2.40445,5.24182,5.85771,2.83736
292,2.39130,5.23999,5.86056,2.84868
293,2.37823,5.23819,5.86340,2.85996
294,2.36524,5.23642,5.86623,2.87118
295,2.35232,5.23467,5.86905,2.88235
296,2.33948,5.23296,5.87186,2.89348
297,2.32671,5.23127,5.87467,2.90456
298,2.31402,5.22961,5.87747,2.91558
299,2.30141,5.22798,5.88026,2.92657
300,2.28887,5.22637,5.88305,2.93750
301,2.27640,5.22479,5.88583,2.94839
302,2.26401,5.22324,5.88860,2.95923
303,2.25169,5.22171,5.89136,2.97002
304,2.23944,5.22021,5.89412,2.98077
305,2.22727,5.21874,5.89687,2.99147
306,2.21516,5.21729,5.89961,3.00213
307,2.20312,5.21586,5.90234,3.01274
308,2.19116,5.21447,5.90507,3.02331
309,2.17926,5.21309,5.90779,3.03383
310,2.16744,5.21174,5.91051,3.04430
311,2.15568,5.21042,5.91321,3.05474
312,2.14399,5.20912,5.91591,3.06513
313,2.13237,5.20784,5.91860,3.07547
314,2.12081,5.20659,5.92129,3.08577
315,2.10932,5.20536,5.92397,3.09603
316,2.10415,5.20415,5.92664,3.10000
317,2.10108,5.20295,5.92416,3.10187
318,2.09801,5.20175,5.92169,3.10373
319,2.09496,5.20055,5.91923,3.10559
320,2.09191,5.19935,5.91677,3.10744
321,2.08888,5.19816,5.91432,3.10928
322,2.08585,5.19696,5.91188,3.11111
323,2.08283,5.19577,5.90944,3.11294
324,2.07983,5.19458,5.90701,3.11475
325,2.07683,5.19339,5.90458,3.11656
326,2.07384,5.19220,5.90216,3.11837
327,2.07086,5.19102,5.89975,3.12016
328,2.06788,5.18984,5.89734,3.12195
329,2.06492,5.18865,5.89494,3.12373
330,2.06197,5.18747,5.89254,3.12551
331,2.05902,5.18629,5.89015,3.12727
332,2.05609,5.18512,5.88777,3.12903
333,2.05316,5.18394,5.88539,3.13078
334,2.05024,5.18277,5.88302,3.13253
335,2.04733,5.18160,5.88065,3.13427
336,2.04443,5.18043,5.87829,3.13600
337,2.03555,5.17927,5.87970,3.14371
338,2.02673,5.17812,5.88110,3.15139
339,2.01795,5.17699,5.88250,3.15905
340,2.00921,5.17588,5.88390,3.16667
341,2.00053,5.17479,5.88529,3.17426
342,1.99189,5.17371,5.88667,3.18182
343,1.98329,5.17264,5.88806,3.18935
344,1.97474,5.17159,5.88944,3.19685
345,1.96624,5.17056,5.89082,3.20432
346,1.95778,5.16955,5.89219,3.21176
347,1.94937,5.16854,5.89356,3.21918
348,1.94100,5.16756,5.89493,3.22656
349,1.93267,5.16659,5.89630,3.23392
350,1.92439,5.16563,5.89766,3.24125
351,1.91615,5.16469,5.89901,3.24854
352,1.90795,5.16376,5.90037,3.25581
353,1.89980,5.16285,5.90172,3.26306
354,1.89168,5.16195,5.90307,3.27027
355,1.88361,5.16107,5.90441,3.27746
356,1.87559,5.16020,5.90575,3.28462
357,1.86760,5.15935,5.90709,3.29175
358,1.85966,5.15851,5.90842,3.29885
359,1.85175,5.15768,5.90976,3.30593
360,1.84389,5.15687,5.91108,3.31298
361,1.83607,5.15607,5.91241,3.32000
362,1.82828,5.15528,5.91373,3.32700
363,1.82054,5.15451,5.91505,3.33397
364,1.81284,5.15375,5.91636,3.34091
365,1.80517,5.15300,5.91768,3.34783
366,1.79755,5.15227,5.91898,3.35472
367,1.78996,5.15155,5.92029,3.36158
368,1.78242,5.15084,5.92159,3.36842
369,1.77491,5.15014,5.92289,3.37523
370,1.76744,5.14946,5.92419,3.38202
371,1.76001,5.14879,5.92548,3.38879
372,1.75261,5.14813,5.92677,3.39552
373,1.74525,5.14749,5.92806,3.40223
374,1.74537,5.14686,5.92934,3.40149
375,1.74547,5.14622,5.92584,3.40074
376,1.74002,5.14558,5.92593,3.40556
377,1.73460,5.14495,5.92601,3.41035
378,1.73104,5.14433,5.92610,3.41328
379,1.73118,5.14370,5.92262,3.41252
380,1.73131,5.14307,5.91914,3.41176
381,1.73143,5.14244,5.91924,3.41101
382,1.72423,5.14181,5.92052,3.41758
383,1.71707,5.14120,5.92180,3.42413
384,1.71359,5.14060,5.92308,3.42701
385,1.71377,5.14000,5.91962,3.42623
386,1.71393,5.13939,5.91617,3.42545
387,1.71409,5.13877,5.91274,3.42468
388,1.71424,5.13815,5.90931,3.42391
389,1.71438,5.13753,5.90588,3.42315
390,1.70911,5.13691,5.90599,3.42780
391,1.70386,5.13629,5.90610,3.43243
392,1.69863,5.13568,5.90621,3.43705
393,1.69343,5.13508,5.90632,3.44165
394,1.68825,5.13448,5.90643,3.44624
395,1.68309,5.13390,5.90654,3.45081
396,1.67796,5.13332,5.90665,3.45536
397,1.67641,5.13274,5.90676,3.45633
398,1.67665,5.13217,5.90338,3.45552
399,1.67688,5.13158,5.90000,3.45471
400,1.67709,5.13100,5.89663,3.45390
401,1.67731,5.13040,5.89327,3.45310
402,1.67751,5.12980,5.88992,3.45230
403,1.67770,5.12920,5.88657,3.45150
404,1.67789,5.12859,5.88786,3.45070
405,1.67105,5.12799,5.88915,3.45694
406,1.66425,5.12741,5.89043,3.46316
407,1.65748,5.12683,5.89171,3.46935
408,1.65074,5.12627,5.89298,3.47552
409,1.64404,5.12571,5.89425,3.48168
410,1.63911,5.12517,5.89552,3.48606
411,1.63941,5.12463,5.89220,3.48522
412,1.63971,5.12408,5.88889,3.48438
413,1.63999,5.12353,5.88558,3.48354
414,1.64027,5.12297,5.88229,3.48270
415,1.64054,5.12241,5.87900,3.48187
416,1.64080,5.12184,5.87571,3.48103
417,1.64106,5.12126,5.87244,3.48021
418,1.64130,5.12069,5.86917,3.47938
419,1.64154,5.12010,5.86818,3.47856
420,1.63665,5.11952,5.86833,3.48288
421,1.63177,5.11895,5.86848,3.48718
422,1.62692,5.11839,5.86863,3.49147
423,1.62209,5.11783,5.86878,3.49574
424,1.61727,5.11727,5.86893,3.50000
425,1.61248,5.11673,5.86907,3.50424
426,1.60771,5.11619,5.86922,3.50847
427,1.60297,5.11566,5.86937,3.51269
428,1.59824,5.11513,5.86952,3.51689
429,1.59353,5.11461,5.86966,3.52108
430,1.58884,5.11409,5.86981,3.52525
431,1.58417,5.11359,5.86996,3.52941
432,1.57953,5.11308,5.87010,3.53356
433,1.57490,5.11259,5.87025,3.53769
434,1.57029,5.11210,5.87039,3.54181
435,1.56571,5.11162,5.87054,3.54591
436,1.56114,5.11114,5.87068,3.55000
437,1.55659,5.11067,5.87082,3.55408
438,1.55206,5.11020,5.87097,3.55814
439,1.54755,5.10974,5.87111,3.56219
440,1.54306,5.10929,5.87125,3.56623
441,1.53859,5.10884,5.87140,3.57025
442,1.53414,5.10840,5.87154,3.57426
443,1.52971,5.10796,5.87168,3.57825
444,1.52529,5.10753,5.87182,3.58224
445,1.52090,5.10710,5.87196,3.58621
446,1.51652,5.10668,5.87211,3.59016
447,1.51543,5.10627,5.87225,3.59083
448,1.51598,5.10585,5.86909,3.58987
449,1.51652,5.10543,5.86593,3.58891
450,1.51705,5.10500,5.86279,3.58795
451,1.51757,5.10457,5.85965,3.58699
452,1.51809,5.10413,5.85652,3.58604
453,1.51859,5.10368,5.85339,3.58509
454,1.51909,5.10323,5.85027,3.58414
455,1.51958,5.10278,5.84716,3.58320
456,1.52006,5.10232,5.84406,3.58226
457,1.52054,5.10186,5.84096,3.58132
458,1.52100,5.10139,5.83787,3.58039
459,1.52146,5.10092,5.83478,3.57945
460,1.52191,5.10044,5.83170,3.57853
461,1.52235,5.09995,5.82863,3.57760
462,1.52279,5.09947,5.82557,3.57668
463,1.52322,5.09898,5.82251,3.57576
464,1.52364,5.09848,5.81946,3.57484
465,1.52405,5.09798,5.81641,3.57393
466,1.52446,5.09747,5.81338,3.57302
467,1.52485,5.09696,5.81034,3.57211
468,1.52524,5.09645,5.80732,3.57120
469,1.52563,5.09593,5.80430,3.57030
470,1.52600,5.09540,5.80129,3.56940
471,1.52637,5.09488,5.79828,3.56850
472,1.52673,5.09434,5.79743,3.56761
473,1.52239,5.09382,5.79764,3.57143
474,1.51806,5.09329,5.79786,3.57524
475,1.51375,5.09278,5.79808,3.57903
476,1.50945,5.09227,5.79829,3.58281
477,1.50518,5.09176,5.79851,3.58658
478,1.50092,5.09126,5.79872,3.59034
479,1.49668,5.09077,5.79894,3.59409
480,1.49245,5.09028,5.79915,3.59783
481,1.48825,5.08980,5.79936,3.60155
482,1.48406,5.08932,5.79958,3.60526
483,1.47988,5.08885,5.79979,3.60896
484,1.47573,5.08838,5.80000,3.61265
485,1.47159,5.08792,5.80021,3.61633
486,1.46747,5.08747,5.80042,3.62000
487,1.46336,5.08702,5.80063,3.62366
488,1.45927,5.08657,5.80084,3.62730
489,1.45520,5.08613,5.80105,3.63093
490,1.45114,5.08570,5.80126,3.63456
491,1.44710,5.08527,5.80147,3.63817
492,1.44308,5.08484,5.80168,3.64177
493,1.43907,5.08443,5.80189,3.64536
494,1.43508,5.08401,5.80209,3.64894
495,1.43110,5.08360,5.80230,3.65250
496,1.42714,5.08320,5.80251,3.65606
497,1.42319,5.08280,5.80271,3.65961
498,1.41926,5.08241,5.80292,3.66314
499,1.41535,5.08202,5.80312,3.66667
500,1.41145,5.08163,5.80333,3.67018
501,1.40757,5.08125,5.80353,3.67368
502,1.40370,5.08088,5.80374,3.67718
503,1.39985,5.08051,5.80394,3.68066
504,1.39601,5.08014,5.80415,3.68413
505,1.39219,5.07978,5.80435,3.68759
506,1.38838,5.07943,5.80455,3.69104
507,1.38459,5.07908,5.80475,3.69449
508,1.38081,5.07873,5.80495,3.69792
509,1.37705,5.07839,5.80515,3.70134
510,1.37330,5.07805,5.80536,3.70475
511,1.36957,5.07772,5.80761,3.70815
512,1.35994,5.07740,5.81192,3.71746
513,1.35036,5.07709,5.81622,3.72674
514,1.34082,5.07681,5.82051,3.73599
515,1.33132,5.07654,5.82480,3.74521
516,1.32187,5.07628,5.82907,3.75441
517,1.31246,5.07605,5.83333,3.76358
518,1.30310,5.07582,5.83759,3.77273
519,1.29377,5.07562,5.84184,3.78184
520,1.28449,5.07543,5.84608,3.79094
521,1.27525,5.07525,5.85031,3.80000
522,1.26606,5.07509,5.85453,3.80904
523,1.25690,5.07495,5.85874,3.81805
524,1.24779,5.07482,5.86294,3.82703
525,1.23871,5.07471,5.86714,3.83599
526,1.22968,5.07461,5.87133,3.84493
527,1.22069,5.07452,5.87551,3.85384
528,1.21174,5.07445,5.87968,3.86272
529,1.20283,5.07440,5.88384,3.87157
530,1.19396,5.07436,5.88799,3.88040
531,1.18513,5.07434,5.89214,3.88921
532,1.17634,5.07432,5.89627,3.89799
533,1.16759,5.07433,5.90040,3.90674
534,1.15887,5.07435,5.90452,3.91547
535,1.15020,5.07438,5.90863,3.92418
536,1.14157,5.07442,5.91274,3.93286
537,1.13297,5.07448,5.91683,3.94151
538,1.12441,5.07456,5.92092,3.95014
539,1.11589,5.07464,5.92500,3.95875
540,1.10741,5.07474,5.92907,3.96733
541,1.09897,5.07486,5.93313,3.97589
542,1.09057,5.07498,5.93719,3.98442
543,1.08220,5.07513,5.94124,3.99293
544,1.07387,5.07528,5.94527,4.00141
545,1.06557,5.07545,5.94930,4.00987
546,1.05732,5.07563,5.95333,4.01831
547,1.04910,5.07582,5.95734,4.02672
548,1.04091,5.07602,5.96135,4.03511
549,1.03276,5.07624,5.96535,4.04348
550,1.02885,5.07647,5.96934,4.04762
551,1.02496,5.07671,5.97036,4.05175
552,1.02108,5.07695,5.97137,4.05587
553,1.01722,5.07719,5.97239,4.05997
554,1.01337,5.07744,5.97340,4.06407
555,1.00954,5.07769,5.97441,4.06815
556,1.00572,5.07794,5.97542,4.07222
557,1.00192,5.07820,5.97642,4.07628
558,0.99814,5.07847,5.97743,4.08033
559,0.99436,5.07874,5.97843,4.08437
560,0.99061,5.07901,5.97943,4.08840
561,0.98687,5.07928,5.98043,4.09241
562,0.98314,5.07956,5.98143,4.09642
563,0.97943,5.07984,5.98242,4.10041
564,0.97574,5.08013,5.98341,4.10440
565,0.97205,5.08042,5.98441,4.10837
566,0.96839,5.08072,5.98539,4.11233
567,0.96474,5.08101,5.98638,4.11628
568,0.96110,5.08132,5.98737,4.12022
569,0.95747,5.08162,5.98835,4.12415
570,0.95387,5.08193,5.98933,4.12807
571,0.95027,5.08224,5.99031,4.13197
572,0.94669,5.08256,5.99129,4.13587
573,0.94313,5.08288,5.99226,4.13976
574,0.93957,5.08320,5.99324,4.14363
575,0.93603,5.08353,5.99421,4.14750
576,0.93251,5.08386,5.99518,4.15135
577,0.92900,5.08420,5.99615,4.15520
578,0.92550,5.08453,5.99711,4.15903
579,0.92202,5.08487,5.99808,4.16285
580,0.91855,5.08522,5.99904,4.16667
581,0.91510,5.08557,6.00000,4.17047
582,0.91504,5.08592,6.00096,4.17426
583,0.91564,5.08627,6.00192,4.17805
584,0.91624,5.08663,6.00287,4.18182
585,0.91683,5.08699,6.00382,4.18558
586,0.91361,5.08735,6.00096,4.18400
587,0.91039,5.08770,5.99809,4.18242
588,0.90719,5.08804,5.99523,4.18085
589,0.90910,5.08838,5.99238,4.17928
590,0.91100,5.08871,5.98953,4.17772
591,0.91288,5.08904,5.98669,4.17616
592,0.91475,5.08936,5.98386,4.17460
593,0.91662,5.08967,5.98102,4.17305
594,0.91847,5.08997,5.97820,4.17150
595,0.92031,5.09027,5.97538,4.16996
596,0.92214,5.09056,5.97256,4.16842
597,0.92002,5.09085,5.97259,4.17083
598,0.91791,5.09114,5.97262,4.17323
599,0.91581,5.09143,5.97264,4.17562
600,0.91371,5.09172,5.97267,4.17801
601,0.91162,5.09201,5.97269,4.18039
602,0.90954,5.09231,5.97272,4.18277
603,0.90746,5.09260,5.97274,4.18514
604,0.90540,5.09290,5.97277,4.18750
605,0.90334,5.09319,5.97280,4.18986
606,0.90128,5.09349,5.97282,4.19221
607,0.89923,5.09379,5.97285,4.19455
608,0.89719,5.09409,5.97287,4.19689
609,0.89516,5.09439,5.97290,4.19922
610,0.89314,5.09469,5.97292,4.20155
611,0.89112,5.09499,5.97295,4.20387
612,0.88910,5.09529,5.97297,4.20619
613,0.88710,5.09559,5.97300,4.20849
614,0.88510,5.09590,5.97302,4.21080
615,0.88311,5.09620,5.97305,4.21309
616,0.88112,5.09651,5.97307,4.21538
617,0.87914,5.09681,5.97310,4.21767
618,0.87717,5.09712,5.97312,4.21995
619,0.87572,5.09743,5.97315,4.22222
620,0.87544,5.09773,5.97317,4.22449
621,0.87515,5.09804,5.97320,4.22675
622,0.87487,5.09835,5.97322,4.22901
623,0.87458,5.09866,5.97325,4.23126
624,0.87430,5.09898,5.97327,4.23350
625,0.87401,5.09929,5.97330,4.23574
626,0.87372,5.09960,5.97332,4.23797
627,0.87343,5.09991,5.97335,4.24020
628,0.87314,5.10023,5.97337,4.24242
629,0.87285,5.10054,5.97339,4.24464
630,0.87256,5.10086,5.97342,4.24685
631,0.87227,5.10118,5.97344,4.24906
632,0.87197,5.10149,5.97347,4.25126
633,0.87168,5.10181,5.97349,4.25345
634,0.87139,5.10213,5.97352,4.25564
635,0.87109,5.10245,5.97354,4.25782
636,0.87080,5.10277,5.97356,4.26000
637,0.87050,5.10309,5.97359,4.26217
638,0.87020,5.10341,5.97361,4.26434
639,0.86990,5.10373,5.97364,4.26650
640,0.86688,5.10405,5.97094,4.26493
641,0.86387,5.10436,5.96824,4.26335
642,0.85816,5.10467,5.96283,4.25806
643,0.85247,5.10496,5.95743,4.25279
644,0.85771,5.10524,5.95204,4.24752
645,0.86323,5.10550,5.94665,4.24227
646,0.86872,5.10576,5.94128,4.23704
647,0.87418,5.10600,5.93592,4.23181
648,0.87962,5.10622,5.93057,4.22660
649,0.88504,5.10644,5.92523,4.22140
650,0.89043,5.10664,5.91989,4.21622
651,0.89579,5.10684,5.91457,4.21104
652,0.90113,5.10702,5.90925,4.20588
653,0.90645,5.10718,5.90395,4.20073
654,0.91174,5.10734,5.89865,4.19560
655,0.91701,5.10748,5.89337,4.19048
656,0.92225,5.10761,5.88809,4.18537
657,0.92747,5.10773,5.88283,4.18027
658,0.93266,5.10784,5.87757,4.17518
659,0.93783,5.10794,5.87232,4.17011
660,0.94298,5.10803,5.86708,4.16505
661,0.94810,5.10810,5.86185,4.16000
662,0.95320,5.10816,5.85663,4.15496
663,0.95828,5.10821,5.85142,4.14994
664,0.96333,5.10826,5.84622,4.14493
665,0.96836,5.10828,5.84103,4.13993
666,0.97336,5.10830,5.83585,4.13494
667,0.97835,5.10831,5.83067,4.12996
668,0.98331,5.10831,5.82551,4.12500
669,0.98824,5.10829,5.82035,4.12005
670,0.99316,5.10827,5.81521,4.11511
671,0.99805,5.10823,5.81007,4.11018
672,1.00292,5.10819,5.80494,4.10526
673,1.00777,5.10813,5.79982,4.10036
674,1.01260,5.10806,5.79471,4.09547
675,1.01740,5.10798,5.78961,4.09058
676,1.02218,5.10789,5.78452,4.08571
677,1.02694,5.10780,5.77944,4.08086
678,1.03168,5.10769,5.77524,4.07601
679,1.03165,5.10757,5.77368,4.07592
680,1.03163,5.10746,5.77213,4.07583
681,1.03160,5.10734,5.77058,4.07574
682,1.03157,5.10722,5.76903,4.07565
683,1.03154,5.10710,5.76748,4.07556
684,1.03150,5.10698,5.76594,4.07547
685,1.03147,5.10685,5.76440,4.07538
686,1.03143,5.10673,5.76286,4.07529
687,1.03492,5.10660,5.76132,4.07168
688,1.03956,5.10646,5.75631,4.06690
689,1.04418,5.10631,5.75130,4.06213
690,1.04878,5.10616,5.74631,4.05738
691,1.05336,5.10599,5.74132,4.05263
692,1.05792,5.10581,5.73634,4.04790
693,1.06245,5.10563,5.73137,4.04317
694,1.06697,5.10543,5.72641,4.03846
695,1.07147,5.10523,5.72145,4.03376
696,1.07594,5.10501,5.71651,4.02907
697,1.08040,5.10479,5.71157,4.02439
698,1.08484,5.10456,5.70664,4.01972
699,1.08925,5.10432,5.70172,4.01506
700,1.09365,5.10406,5.69681,4.01042
701,1.09802,5.10380,5.69191,4.00578
702,1.10238,5.10353,5.68702,4.00115
703,1.10672,5.10326,5.68213,3.99654
704,1.11103,5.10297,5.67725,3.99194
705,1.11533,5.10267,5.67238,3.98734
706,1.11961,5.10237,5.66752,3.98276
707,1.12387,5.10205,5.66267,3.97819
708,1.12810,5.10173,5.65783,3.97362
709,1.13232,5.10140,5.65299,3.96907
710,1.13653,5.10106,5.64816,3.96453
711,1.14071,5.10071,5.64334,3.96000
712,1.14487,5.10035,5.63853,3.95548
713,1.14902,5.09998,5.63373,3.95097
714,1.15314,5.09961,5.62894,3.94647
715,1.15725,5.09923,5.62415,3.94198
716,1.16134,5.09884,5.61937,3.93750
717,1.16541,5.09844,5.61460,3.93303
718,1.16946,5.09803,5.60984,3.92857
719,1.17349,5.09761,5.60508,3.92412
720,1.17751,5.09719,5.60034,3.91968
721,1.18150,5.09676,5.59560,3.91525
722,1.18548,5.09632,5.59087,3.91084
723,1.18944,5.09587,5.58615,3.90643
724,1.19339,5.09541,5.58143,3.90203
725,1.19731,5.09495,5.57673,3.89764
726,1.20122,5.09448,5.57203,3.89326
727,1.20511,5.09400,5.56734,3.88889
728,1.20898,5.09351,5.56266,3.88453
729,1.21284,5.09302,5.55798,3.88018
730,1.21668,5.09252,5.55332,3.87584
731,1.22050,5.09201,5.54866,3.87151
732,1.22430,5.09149,5.54401,3.86719
733,1.22809,5.09096,5.53936,3.86288
734,1.23186,5.09043,5.53473,3.85857
735,1.23561,5.08989,5.53010,3.85428
736,1.23934,5.08934,5.52548,3.85000
737,1.24306,5.08879,5.52087,3.84573
738,1.24677,5.08823,5.51626,3.84146
739,1.25045,5.08766,5.51167,3.83721
740,1.25412,5.08708,5.50708,3.83296
741,1.25777,5.08650,5.50250,3.82873
742,1.26141,5.08591,5.49792,3.82450
743,1.26503,5.08531,5.49336,3.82029
744,1.26863,5.08471,5.48880,3.81608
745,1.27222,5.08410,5.48425,3.81188
746,1.27579,5.08348,5.47970,3.80769
747,1.27934,5.08285,5.47517,3.80351
748,1.28288,5.08222,5.47064,3.79934
749,1.28640,5.08158,5.46612,3.79518
750,1.28991,5.08094,5.46160,3.79103
751,1.29340,5.08029,5.45710,3.78689
752,1.29688,5.07963,5.45260,3.78275
753,1.30034,5.07896,5.44811,3.77863
754,1.30378,5.07829,5.44362,3.77451
755,1.30721,5.07761,5.43914,3.77040
756,1.31062,5.07693,5.43468,3.76630
757,1.31402,5.07624,5.43021,3.76221
758,1.31740,5.07554,5.42576,3.75813
759,1.32077,5.07483,5.42131,3.75406
760,1.32412,5.07412,5.41687,3.75000
761,1.32746,5.07341,5.41244,3.74595
762,1.33078,5.07268,5.40801,3.74190
763,1.33409,5.07196,5.40359,3.73786
764,1.33738,5.07122,5.39918,3.73384
765,1.34066,5.07048,5.39478,3.72982
766,1.34392,5.06973,5.39038,3.72581
767,1.34717,5.06898,5.38599,3.72180
768,1.35041,5.06822,5.38161,3.71781
769,1.35363,5.06745,5.37724,3.71383
770,1.35683,5.06668,5.37287,3.70985
771,1.36002,5.06590,5.36851,3.70588
772,1.36320,5.06512,5.36415,3.70192
773,1.36636,5.06433,5.35981,3.69797
774,1.36951,5.06354,5.35547,3.69403
775,1.37264,5.06274,5.35113,3.69010
776,1.37576,5.06193,5.34681,3.68617
777,1.37887,5.06112,5.34249,3.68225
778,1.38196,5.06030,5.33818,3.67834
779,1.38503,5.05948,5.33387,3.67444
780,1.38810,5.05865,5.32957,3.67055
781,1.39115,5.05781,5.32528,3.66667
782,1.39418,5.05697,5.32100,3.66279
783,1.39721,5.05613,5.31672,3.65892
784,1.40022,5.05528,5.31245,3.65506
785,1.40321,5.05442,5.30819,3.65121
786,1.40619,5.05356,5.30393,3.64737
787,1.40916,5.05269,5.29968,3.64353
788,1.41212,5.05182,5.29544,3.63971
789,1.41506,5.05094,5.29120,3.63589
790,1.41799,5.05006,5.28697,3.63208
791,1.42090,5.04917,5.28275,3.62827
792,1.42380,5.04828,5.27853,3.62448
793,1.42669,5.04738,5.27432,3.62069
794,1.42957,5.04648,5.27012,3.61691
795,1.43243,5.04557,5.26592,3.61314
796,1.43528,5.04466,5.26173,3.60938
797,1.43812,5.04374,5.25755,3.60562
798,1.44095,5.04282,5.25338,3.60187
799,1.44376,5.04189,5.24921,3.59813
800,1.44656,5.04096,5.24504,3.59440
801,1.44935,5.04002,5.24089,3.59067
802,1.45212,5.03908,5.23674,3.58696
803,1.45488,5.03813,5.23259,3.58325
804,1.45763,5.03718,5.22846,3.57955
805,1.46037,5.03622,5.22433,3.57585
806,1.46309,5.03526,5.22021,3.57216
807,1.46580,5.03429,5.21609,3.56849
808,1.46851,5.03332,5.21198,3.56481
809,1.47119,5.03234,5.20787,3.56115
810,1.47387,5.03136,5.20378,3.55749
811,1.47653,5.03038,5.19969,3.55385
812,1.47918,5.02939,5.19560,3.55020
813,1.48182,5.02840,5.19152,3.54657
814,1.48445,5.02740,5.18745,3.54294
815,1.48707,5.02639,5.18339,3.53933
816,1.48967,5.02539,5.17933,3.53571
817,1.49227,5.02438,5.17527,3.53211
818,1.49485,5.02336,5.17123,3.52851
819,1.49742,5.02234,5.16719,3.52492
820,1.49997,5.02131,5.16393,3.52134
821,1.49745,5.02029,5.16381,3.52284
822,1.49899,5.01927,5.16368,3.52028
823,1.50153,5.01825,5.15966,3.51672
824,1.50406,5.01722,5.15564,3.51316
825,1.50153,5.01619,5.15552,3.51466
826,1.49900,5.01516,5.15540,3.51616
827,1.49648,5.01414,5.15528,3.51766
828,1.49397,5.01313,5.15516,3.51915
829,1.49650,5.01211,5.15426,3.51561
830,1.49399,5.01109,5.15414,3.51710
831,1.49149,5.01008,5.15402,3.51859
832,1.48899,5.00907,5.15391,3.52008
833,1.48650,5.00807,5.15379,3.52156
834,1.48402,5.00707,5.15367,3.52305
835,1.48155,5.00607,5.15355,3.52452
836,1.47908,5.00508,5.15343,3.52600
837,1.47661,5.00409,5.15331,3.52747
838,1.47416,5.00310,5.15319,3.52894
839,1.47171,5.00212,5.15308,3.53041
840,1.46926,5.00114,5.15296,3.53187
841,1.46683,5.00016,5.15284,3.53333
842,1.46440,4.99919,5.15272,3.53479
843,1.46197,4.99822,5.15261,3.53625
844,1.45955,4.99725,5.15249,3.53770
845,1.45714,4.99629,5.15237,3.53915
846,1.45473,4.99533,5.15226,3.54059
847,1.45234,4.99437,5.15291,3.54204
848,1.45192,4.99342,5.15432,3.54150
849,1.45249,4.99247,5.15191,3.53998
850,1.45306,4.99152,5.14950,3.53846
851,1.45362,4.99057,5.14710,3.53695
852,1.45418,4.98961,5.14471,3.53543
853,1.45473,4.98866,5.14231,3.53392
854,1.45528,4.98770,5.13992,3.53242
855,1.45583,4.98674,5.13754,3.53091
856,1.45637,4.98578,5.13516,3.52941
857,1.45691,4.98482,5.13278,3.52791
858,1.45744,4.98386,5.13040,3.52642
859,1.45797,4.98290,5.12803,3.52493
860,1.45850,4.98194,5.12566,3.52344
861,1.45902,4.98097,5.12330,3.52195
862,1.45954,4.98001,5.12094,3.52047
863,1.46005,4.97904,5.11858,3.51899
864,1.46056,4.97807,5.11623,3.51751
865,1.46107,4.97711,5.11388,3.51603
866,1.46157,4.97614,5.11153,3.51456
867,1.46207,4.97517,5.10919,3.51309
868,1.46257,4.97419,5.10685,3.51163
869,1.46306,4.97322,5.10451,3.51016
870,1.46354,4.97225,5.10218,3.50870
871,1.46403,4.97127,5.09985,3.50725
872,1.46451,4.97030,5.09752,3.50579
873,1.46498,4.96932,5.09520,3.50434
874,1.46546,4.96835,5.09288,3.50289
875,1.46592,4.96737,5.09057,3.50144
876,1.46639,4.96639,5.08826,3.50000
877,1.46685,4.96541,5.08595,3.49856
878,1.46731,4.96443,5.08364,3.49712
879,1.46776,4.96344,5.08134,3.49569
880,1.46821,4.96246,5.07905,3.49425
881,1.46866,4.96148,5.07675,3.49282
882,1.46910,4.96049,5.07446,3.49140
883,1.46954,4.95951,5.07217,3.48997
884,1.46997,4.95852,5.06989,3.48855
885,1.47040,4.95754,5.06761,3.48713
886,1.47083,4.95655,5.06533,3.48571
887,1.46936,4.95556,5.06528,3.48620
888,1.46598,4.95458,5.06597,3.48859
889,1.46262,4.95360,5.06667,3.49098
890,1.45927,4.95262,5.06736,3.49336
891,1.45592,4.95166,5.06805,3.49573
892,1.45259,4.95069,5.06874,3.49811
893,1.44926,4.94973,5.07090,3.50047
894,1.44311,4.94878,5.07380,3.50567
895,1.43698,4.94784,5.07670,3.51086
896,1.43087,4.94690,5.07959,3.51604
897,1.42477,4.94598,5.08247,3.52121
898,1.41870,4.94506,5.08536,3.52637
899,1.41264,4.94416,5.08824,3.53151
900,1.40660,4.94326,5.09111,3.53665
901,1.40058,4.94237,5.09398,3.54178
902,1.39458,4.94149,5.09685,3.54690
903,1.38860,4.94061,5.09971,3.55201
904,1.38263,4.93975,5.10256,3.55712
905,1.37668,4.93889,5.10542,3.56221
906,1.37075,4.93804,5.10827,3.56729
907,1.36484,4.93720,5.11111,3.57236
908,1.35895,4.93637,5.11468,3.57743
909,1.35214,4.93555,5.11825,3.58341
910,1.34722,4.93474,5.12181,3.58752
911,1.34324,4.93393,5.12318,3.59070
912,1.33927,4.93313,5.12527,3.59387
913,1.33345,4.93234,5.12809,3.59889
914,1.32766,4.93156,5.13091,3.60390
915,1.32188,4.93078,5.13372,3.60890
916,1.31612,4.93001,5.13653,3.61389
917,1.31038,4.92925,5.13933,3.61887
918,1.30650,4.92850,5.14213,3.62200
919,1.30540,4.92775,5.14130,3.62235
920,1.30431,4.92700,5.14048,3.62269
921,1.30321,4.92625,5.13965,3.62304
922,1.30212,4.92551,5.13883,3.62339
923,1.30103,4.92476,5.13801,3.62374
924,1.29994,4.92402,5.13718,3.62408
925,1.29885,4.92328,5.13636,3.62443
926,1.29777,4.92254,5.13554,3.62477
927,1.29668,4.92180,5.13473,3.62511
928,1.29560,4.92106,5.13391,3.62546
929,1.29452,4.92032,5.13309,3.62580
930,1.29344,4.91959,5.13228,3.62614
931,1.29237,4.91885,5.13147,3.62648
932,1.29129,4.91812,5.13137,3.62682
933,1.28931,4.91739,5.13128,3.62808
934,1.28733,4.91666,5.13118,3.62933
935,1.28536,4.91593,5.13109,3.63057
936,1.28339,4.91521,5.13099,3.63182
937,1.28143,4.91449,5.13090,3.63306
938,1.27947,4.91377,5.13081,3.63430
939,1.27751,4.91305,5.13071,3.63554
940,1.27556,4.91234,5.13062,3.63678
941,1.27362,4.91163,5.13053,3.63801
942,1.27168,4.91092,5.13043,3.63924
943,1.26974,4.91021,5.13034,3.64047
944,1.26781,4.90951,5.13025,3.64170
945,1.26588,4.90880,5.13016,3.64292
946,1.26396,4.90810,5.13006,3.64414
947,1.26204,4.90741,5.12997,3.64536
948,1.26013,4.90671,5.12988,3.64658
949,1.25822,4.90602,5.12979,3.64780
950,1.25632,4.90533,5.12970,3.64901
951,1.25442,4.90464,5.12960,3.65022
952,1.25252,4.90396,5.12951,3.65143
953,1.25063,4.90327,5.13083,3.65264
954,1.24607,4.90259,5.13286,3.65653
955,1.24151,4.90192,5.13489,3.66041
956,1.23697,4.90126,5.13691,3.66429
957,1.23244,4.90060,5.13963,3.66815
958,1.22615,4.89995,5.14306,3.67380
959,1.21987,4.89930,5.14648,3.67943
960,1.21362,4.89867,5.14989,3.68505
961,1.20738,4.89804,5.15331,3.69067
962,1.20115,4.89742,5.15671,3.69627
963,1.19495,4.89681,5.16011,3.70186
964,1.18877,4.89621,5.16351,3.70745
965,1.18260,4.89562,5.16760,3.71302
966,1.17557,4.89504,5.17169,3.71947
967,1.16856,4.89446,5.17577,3.72591
968,1.16156,4.89390,5.17985,3.73233
969,1.15459,4.89334,5.18392,3.73875
970,1.14765,4.89280,5.18798,3.74515
971,1.14072,4.89226,5.19204,3.75154
972,1.13381,4.89173,5.19609,3.75792
973,1.12692,4.89121,5.20014,3.76429
974,1.12005,4.89070,5.20418,3.77065
975,1.11320,4.89020,5.20822,3.77700
976,1.10638,4.88971,5.21225,3.78333
977,1.09957,4.88923,5.21627,3.78966
978,1.09278,4.88875,5.22029,3.79597
979,1.08601,4.88829,5.22431,3.80227
980,1.07927,4.88783,5.22831,3.80857
981,1.07254,4.88739,5.23232,3.81485
982,1.06583,4.88695,5.23631,3.82112
983,1.05914,4.88652,5.24030,3.82738
984,1.05247,4.88610,5.24429,3.83362
985,1.04583,4.88569,5.24827,3.83986
986,1.03920,4.88528,5.25225,3.84609
987,1.03259,4.88489,5.25622,3.85230
988,1.02599,4.88450,5.26018,3.85851
989,1.01942,4.88412,5.26414,3.86470
990,1.01287,4.88375,5.26809,3.87088
991,1.00634,4.88339,5.27204,3.87706
992,0.99982,4.88304,5.27598,3.88322
993,0.99765,4.88269,5.27648,3.88505
994,0.99548,4.88235,5.27698,3.88687
995,0.99331,4.88201,5.27747,3.88870
996,0.99115,4.88167,5.27797,3.89052
997,0.98900,4.88133,5.27846,3.89233
998,0.98771,4.88100,5.27896,3.89329
999,0.98814,4.88066,5.27740,3.89252
1000,0.98857,4.88032,5.27584,3.89175
